CPTS-489,CPTS-322
CPTS-487,CPTS-321 CPTS-322
CPTS-486,CPTS-485 CPTS-215 | CPTS-485 CPTS-223 | CPTS-485 CPTS-233
CPTS-485,CPTS-215 | CPTS-223 | CPTS-233
CPTS-484,CPTS-322
CPTS-481,CPTS-223 CPTS-224 | CPTS-223 CPTS-360
CPTS-479,CPTS-223 | CPTS-233
CPTS-478,CPTS-322
CPTS-476,CPTS-322
CPTS-475,CPTS-215 | CPTS-223 | CPTS-233
CPTS-471,CPTS-350 CPTS-223 | CPTS-350 CPTS-233
CPTS-466,CPTS-360
CPTS-464,CPTS-223 | CPTS-233 | CPTS-234
CPTS-460,CPTS-360
CPTS-455,CPTS-360 | CPTS-370 | EE-234
CPTS-453,MATH-220 | MATH-225 | MATH-230
CPTS-452,CPTS-355 CPTS-317
CPTS-451,CPTS-215 | CPTS-223 | CPTS-233
CPTS-443,CPTS-223 | CPTS-233
CPTS-442,CPTS-223 MATH-220 CPTS-224 | CPTS-223 MATH-220 CPTS-360
CPTS-440,CPTS-223 | CPTS-233
CPTS-438,MATH-172 CPTS-224 CPTS-223 | MATH-172 CPTS-224 CPTS-233 | MATH-182 CPTS-224 CPTS-223 | MATH-182 CPTS-224 CPTS-233
CPTS-434,EE-221 CPTS-121 | EE-221 CPTS-131
CPTS-430,MATH-315 CPTS-121 | MATH-315 CPTS-131 | MATH-315 MATH-300
CPTS-428,CPTS-327
CPTS-427,CPTS-327
CPTS-423,CPTS-421
CPTS-421,CPTS-321 CPTS-322 CPTS-360 | CPTS-321 CPTS-322 CPTS-370
CPTS-415,CPTS-215 | CPTS-223 | CPTS-233
CPTS-411,CPTS-215 | CPTS-223 | CPTS-233
CPTS-401,CPTS-215 | CPTS-223 | CPTS-233
CPTS-370,CPTS-223 CPTS-260 | CPTS-223 EE-234
CPTS-360,CPTS-223 CPTS-260 | CPTS-223 EE-234
CPTS-355,CPTS-223 | CPTS-233
CPTS-350,CPTS-317 CPTS-215 | CPTS-317 CPTS-223 | CPTS-317 CPTS-233
CPTS-327,MATH-216 CPTS-360 MATH-216 CPTS-260 MATH-216 CPTS-223 | MATH-216 CPTS-360 MATH-216 CPTS-260 MATH-216 CPTS-233 | MATH-216 CPTS-360 MATH-216 EE-234 MATH-216 CPTS-223 | MATH-216 CPTS-360 MATH-216 EE-234 MATH-216 CPTS-233 | MATH-216 CPTS-260 MATH-216 CPTS-223 MATH-216 CPTS-370 | MATH-216 CPTS-260 MATH-216 CPTS-233 MATH-216 CPTS-370 | MATH-216 EE-234 MATH-216 CPTS-223 MATH-216 CPTS-370 | MATH-216 EE-234 MATH-216 CPTS-233 MATH-216 CPTS-370
CPTS-323,CPTS-223 CPTS-322 | CPTS-233 CPTS-322
CPTS-322,CPTS-215 | CPTS-223 | CPTS-233
CPTS-321,CPTS-223 | CPTS-233
CPTS-317,CPTS-122 MATH-216 | CPTS-132 MATH-216
CPTS-315,CPTS-215 | CPTS-223 | CPTS-233
CPTS-260,CPTS-223 | CPTS-233
CPTS-233,MATH-216 CPTS-132
CPTS-224,CPTS-122 | CPTS-132
CPTS-223,CPTS-122 CPTS-215
CPTS-215,CPTS-122 | CPTS-132
CPTS-132,CPTS-131
CPTS-131,CPTS-111 MATH-108 | CPTS-111 MATH-171 | CPTS-111 MATH-172 | CPTS-111 MATH-182 | CPTS-111 MATH-201 | CPTS-111 MATH-202 | CPTS-111 MATH-206 | CPTS-111 MATH-220
CPTS-122,CPTS-121
CPTS-121,CPTS-111 MATH-108 | CPTS-111 MATH-171 | CPTS-111 MATH-172 | CPTS-111 MATH-182 | CPTS-111 MATH-201 | CPTS-111 MATH-202 | CPTS-111 MATH-206 | CPTS-111 MATH-220
CPTS-111,MATH-101 MATH-103
CPTS-302,CPTS-122 | CPTS-132 | CPTS-121 EE-261 | CPTS-131 EE-261